review_month,sentiment_label,review_count
2024-06,negative,27
2024-06,positive,95
2024-07,negative,60
2024-07,neutral,1
2024-07,positive,169
2024-08,negative,63
2024-08,positive,233
2024-09,negative,75
2024-09,positive,267
2024-10,negative,95
2024-10,positive,303
2024-11,negative,139
2024-11,positive,272
2024-12,negative,121
2024-12,neutral,1
2024-12,positive,328
2025-01,negative,152
2025-01,neutral,2
2025-01,positive,334
2025-02,negative,137
2025-02,positive,333
2025-03,negative,165
2025-03,neutral,2
2025-03,positive,362
2025-04,negative,179
2025-04,positive,361
2025-05,negative,206
2025-05,neutral,3
2025-05,positive,385
2025-06,negative,217
2025-06,neutral,2
2025-06,positive,353
2025-07,negative,200
2025-07,neutral,4
2025-07,positive,365
2025-08,negative,277
2025-08,neutral,2
2025-08,positive,365
