topic_polarity,topic_theme,review_count,avg_star_rating,avg_compound_sentiment,pct_of_reviews
negative,Durability / Build Quality,454,1.3898678414096917,-0.8790720264317181,6.821938392186326
negative,Shipping / Packaging Damage,342,1.345029239766082,-0.8960684210526316,5.138993238166792
negative,Confusing Manual / Setup Difficulty,277,1.3971119133574008,-0.9045812274368231,4.1622839969947405
negative,Overpriced / Poor Value,274,1.3759124087591241,-0.82265,4.117205108940646
negative,Sizing & Dimension Inaccuracy,271,1.3321033210332103,-0.8037479704797048,4.072126220886552
negative,Defective / Hardware Failure,248,1.3709677419354838,-0.9593165322580645,3.7265214124718256
negative,Customer Service & Refund Issues,247,1.3846153846153846,-0.7516036437246963,3.711495116453794
neutral,Neutral / General Feedback,17,1.411764705882353,-0.0111,0.2554470323065364
positive,Superior Build & Durability,848,4.555424528301887,0.9399625,12.742299023290759
positive,Great Value & Affordability,769,4.559167750325098,0.9403044213263979,11.555221637866266
positive,Sleek & Modern Design,560,4.598214285714286,0.9372676785714287,8.414725770097672
positive,Outstanding Customer Support,550,4.4381818181818184,0.9383114545454545,8.264462809917356
positive,Fast Shipping & Secure Packaging,547,4.56672760511883,0.9299239488117003,8.21938392186326
positive,Ease of Use & Simple Setup,546,4.512820512820513,0.9343833333333333,8.20435762584523
positive,Expected / Works Expected / Works,374,3.0,0.3182,5.619834710743802
positive,Item / Acceptable / Needs Fair,331,3.0,0.7096,4.973703981968445
