product_id,product_name,category,tier,base_price
ELEC-001,SoundPulse Pro Wireless ANC Headphones,Electronics,excellent,149.99
ELEC-002,HyperCharge 65W GaN Fast Wall Charger,Electronics,good,29.99
ELEC-003,AuraGlow RGB Mechanical Gaming Keyboard,Electronics,declining,89.99
ELEC-004,StreamVision 4K Ultra HD Webcam,Electronics,mixed,59.99
ELEC-005,UltraFit GPS Heart Rate Smartwatch,Electronics,declining,119.99
ELEC-006,PocketBass Portable Mini Bluetooth Speaker,Electronics,poor,19.99
KITCH-001,ChefMaster 8-in-1 Digital Air Fryer XL,Kitchen,excellent,99.99
KITCH-002,BaristaTouch Automatic Espresso Machine,Kitchen,good,199.99
KITCH-003,TitaniumBlade 15-Piece German Knife Set,Kitchen,declining,79.99
KITCH-004,NutriBlend High-Speed Countertop Blender,Kitchen,mixed,69.99
KITCH-005,NonStick Diamond Ceramic Frying Pan 12-inch,Kitchen,declining,39.99
KITCH-006,ThermoPrecision Instant Read Meat Thermometer,Kitchen,good,18.99
HOME-001,ErgoRest Ergonomic Mesh Executive Office Chair,Home & Office,declining,189.99
HOME-002,LuminaGlow Smart LED Dimmable Desk Lamp,Home & Office,excellent,34.99
HOME-003,PureBreathe True HEPA Air Purifier for Home,Home & Office,good,89.99
HOME-004,AromaMist Ultrasonic Essential Oil Diffuser,Home & Office,mixed,24.99
HOME-005,MemoryCloud Orthopedic Seat Cushion,Home & Office,good,29.99
HOME-006,CableHide Heavy Duty Cable Management Raceway,Home & Office,poor,15.99
BABY-001,SafeSleep Video Baby Monitor with Night Vision,Baby & Kids,declining,129.99
BABY-002,SiliconeSuction Toddler Feeding Plate & Bib Set,Baby & Kids,excellent,22.99
BABY-003,SnuggleWarm Infant Muslin Swaddle Blankets 4-Pack,Baby & Kids,excellent,26.99
BABY-004,WhiteNoise Dream Machine Sound Soother,Baby & Kids,good,29.99
BABY-005,StrollEasy Lightweight Compact Travel Stroller,Baby & Kids,mixed,149.99
BABY-006,TeethRelief Organic Silicone Baby Teething Toys,Baby & Kids,good,12.99
HLTH-001,SonicClean Pro Electric Sonic Toothbrush,Health & Personal Care,excellent,49.99
HLTH-002,DeepTissue Portable Percussion Massage Gun,Health & Personal Care,declining,69.99
HLTH-003,AquaPulse Cordless Rechargeable Water Flosser,Health & Personal Care,mixed,32.99
HLTH-004,BioGlow Organic Hyaluronic Acid Face Serum,Health & Personal Care,good,19.99
HLTH-005,PostureCorrect Adjustable Spine Support Brace,Health & Personal Care,poor,21.99
HLTH-006,SleepEase 3D Contoured Blackout Eye Mask,Health & Personal Care,excellent,14.99
PETS-001,FreshFlow Stainless Steel Pet Water Fountain,Pet Supplies,declining,39.99
PETS-002,OrthopedicFoam Plush Waterproof Dog Bed Large,Pet Supplies,excellent,64.99
PETS-003,AutoLaser Interactive Cat Toy Rotating Beam,Pet Supplies,mixed,22.99
PETS-004,GroomPro Self-Cleaning Pet Slicker Deshedding Brush,Pet Supplies,good,16.99
PETS-005,NoPull Reflective Heavy Duty Dog Harness,Pet Supplies,good,27.99
